model,cka_to_fr,blimp,ppl,erank_growth,erank_first,erank_final,self_cka
FR,0.9799753691006671,0.63375,46.9841,5.9763923399359165,31.33015054528144,187.24127172785907,1.0
LR_r8,0.03492396446971391,0.55625,456.6014,0.6461943722188851,83.78199847131616,54.13945590541574,0.7050056691837243
GradTrunc8,0.0645061340781005,0.5775,72.8133,2.482353765887859,31.270956554266917,77.62557676540011,0.8499113095501004
ReLoRA_r8,0.052704073908540795,0.495,604.5798,1.9108815490891964,31.465218429658844,60.12630533529642,0.8839195423320719
LR_specmatch8,0.028682801000305777,0.5325,438.7477,4.728391875007905,11.944210656778324,56.476908622893454,0.6758058572803479
LR_r8_tuned,0.03979783851175464,0.52,138.2357,0.6203214523989591,83.99089464196517,52.101353752591784,0.7300292627409313
LR_r8_dsn_static,0.031287350279543935,0.515,117.1823,0.932025157068233,12.776812104316486,11.908310308356873,0.9506911714303801
LR_r8_dsn_dynamic,0.04000452616302766,0.514375,114.7277,0.9407095858255725,12.773037719980403,12.01571902329718,0.9555993504936267
LR_r8_dsn_flat,0.032755857272365956,0.4875,109.6741,0.8344348714846958,12.86413180050338,10.734280165715225,0.9495962257929856
